,ally_tower_kills,enemy_tower_kills,ally_inhibitor_kills,enemy_inhibitor_kills,ally_baron_kills,enemy_baron_kills,ally_dragon_kills,enemy_dragon_kills,ally_rift_kills,enemy_rift_kills,ally_kills,enemy_kills,score_diff,win
0,4,8,0,2,0,1,1,1,1,1,18,21,-3.83550946490859,False
1,9,1,1,0,1,0,2,1,2,0,38,21,4.641091558865931,True
2,7,4,1,0,1,0,2,3,1,1,30,25,3.3415467199587283,True
3,3,7,0,1,0,0,0,4,0,1,16,24,-8.8676267509207,False
4,9,0,3,0,1,0,3,0,2,0,23,15,5.433976097420086,True
5,1,11,0,3,0,1,2,1,1,1,29,51,-6.704348284218035,False
6,11,4,3,0,2,0,1,2,0,2,43,28,4.3344493651814275,True
7,10,0,2,0,1,0,2,1,2,0,34,6,17.33199543442938,True
8,8,5,2,0,1,0,4,0,0,2,28,29,3.444026988940486,True
9,11,0,3,0,1,0,1,3,2,0,26,16,6.047312052891293,True
10,2,10,0,3,0,2,1,2,1,1,23,34,-4.238018387782255,False
11,10,3,1,0,1,0,3,0,1,1,42,18,11.87215624719542,True
12,4,3,0,0,0,0,3,0,1,1,21,7,10.698431439753442,True
13,7,10,1,1,1,1,1,3,0,1,35,32,2.482556934736479,False
14,10,3,1,0,1,0,2,2,1,1,43,28,5.1988611572567365,True
15,9,3,1,0,1,0,3,0,2,0,26,13,9.899136798259399,True
16,7,8,1,1,0,2,2,3,0,2,34,43,-2.48912905981706,False
17,10,6,2,0,1,1,0,4,2,0,31,25,1.2372417675367942,True
18,2,10,0,2,0,1,0,3,0,2,9,31,-12.317517664627793,False
19,9,3,1,0,1,0,1,2,1,1,33,16,8.025182270125761,True
20,8,6,1,0,1,2,2,4,1,1,29,34,-2.335121289901373,True
21,5,10,0,1,0,2,0,3,0,2,15,35,-10.974013542469663,False
22,11,5,3,0,0,2,2,3,0,1,41,30,1.1816654965414841,True
23,2,6,0,0,0,0,0,4,2,0,12,35,-14.257424981774903,False
24,10,1,2,0,1,0,3,0,1,0,37,25,7.190339633003589,True
25,3,9,0,2,0,1,4,0,0,1,26,34,-0.49503227849270814,False
26,2,11,0,3,0,1,1,4,2,0,29,40,-1.8567567104306733,False
27,10,5,1,0,2,0,2,3,1,0,49,37,1.4629834831127226,True
28,9,4,1,0,3,0,5,0,2,0,41,31,5.097908386808967,True
29,11,3,3,0,2,0,4,1,1,1,35,32,0.11723673412195978,True
30,10,2,1,0,0,1,4,0,1,1,37,30,3.845410512012741,True
31,10,5,1,0,2,0,2,2,0,2,44,33,6.568468237736283,True
32,10,0,2,0,1,0,3,0,2,0,41,17,11.65506258730101,True
33,4,8,0,1,0,1,1,3,0,2,19,35,-8.867400959453327,False
34,0,10,0,2,0,1,0,3,0,2,7,27,-15.404397225916576,False
35,8,2,1,0,1,0,2,1,1,0,28,24,1.4809693842457818,True
36,9,2,2,0,0,0,3,0,2,0,35,23,4.175467666051972,True
37,10,3,2,0,1,0,4,0,1,1,34,16,7.830413196500878,True
38,10,3,2,0,2,0,0,3,2,0,42,29,2.3997932979020433,True
39,8,2,1,0,1,0,3,1,1,1,50,21,11.486969233869573,True
40,8,3,1,0,1,0,3,0,0,2,30,19,7.373163258683611,True
41,2,11,0,4,0,2,1,4,0,2,35,36,-4.195134181219608,False
42,7,2,1,0,0,0,1,2,2,0,30,20,6.801099552176893,True
43,11,3,3,0,2,0,2,1,0,2,42,21,6.24758313254106,True
44,2,10,0,2,0,1,1,3,0,2,19,31,-7.153440409893079,False
45,11,1,3,0,1,0,2,1,2,0,44,20,9.607753385603232,True
46,8,3,1,0,1,0,3,0,1,1,41,24,6.35216086773822,True
47,5,7,0,1,1,0,2,2,1,1,22,25,0.5003977707646428,False
48,2,8,0,1,0,1,3,0,0,2,36,33,-1.4341229910936732,False
49,9,1,2,0,0,1,2,1,2,0,37,15,10.480494736199852,True
50,0,10,0,2,0,1,1,3,0,2,20,28,-7.694905709674892,False
51,8,4,1,0,2,0,3,2,2,0,32,17,6.27598835193897,True
52,2,4,1,1,0,0,0,0,0,0,64,67,-0.746748490309848,False
53,4,8,0,1,1,1,0,5,2,0,23,44,-6.398008683413352,False
54,10,6,2,1,1,1,3,2,2,0,38,37,2.4855737743161868,True
55,2,10,0,3,0,3,0,4,0,2,20,28,-4.286355429380876,False
56,11,5,3,1,1,0,2,2,1,1,40,18,11.370676587139357,True
57,3,10,0,2,0,1,1,2,2,0,22,34,-5.871477702244832,False
58,9,4,2,1,1,0,2,1,1,1,34,26,3.5418702643331343,True
59,3,10,0,1,0,1,1,2,0,2,25,38,-7.48793918254453,False
60,5,2,0,0,1,0,0,3,1,1,32,25,5.9880055129413705,True
61,9,3,1,0,1,0,2,1,1,0,46,39,6.34864405116528,True
62,0,8,0,1,0,1,1,2,0,2,10,32,-12.16144043474506,False
63,10,0,2,0,1,0,3,0,2,0,47,21,12.222507305745772,True
64,4,8,0,2,0,1,1,1,1,1,18,21,-3.83550946490859,False
65,9,1,1,0,1,0,2,1,2,0,38,21,4.641091558865931,True
66,7,4,1,0,1,0,2,3,1,1,30,25,3.3415467199587283,True
67,3,7,0,1,0,0,0,4,0,1,16,24,-8.8676267509207,False
68,9,0,3,0,1,0,3,0,2,0,23,15,5.433976097420086,True
69,1,11,0,3,0,1,2,1,1,1,29,51,-6.704348284218035,False
70,11,4,3,0,2,0,1,2,0,2,43,28,4.3344493651814275,True
71,10,0,2,0,1,0,2,1,2,0,34,6,17.33199543442938,True
72,8,5,2,0,1,0,4,0,0,2,28,29,3.444026988940486,True
73,11,0,3,0,1,0,1,3,2,0,26,16,6.047312052891293,True
74,2,10,0,3,0,2,1,2,1,1,23,34,-4.238018387782255,False
75,10,3,1,0,1,0,3,0,1,1,42,18,11.87215624719542,True
76,4,3,0,0,0,0,3,0,1,1,21,7,10.698431439753442,True
77,7,10,1,1,1,1,1,3,0,1,35,32,2.482556934736479,False
78,10,3,1,0,1,0,2,2,1,1,43,28,5.1988611572567365,True
79,9,3,1,0,1,0,3,0,2,0,26,13,9.899136798259399,True
80,7,8,1,1,0,2,2,3,0,2,34,43,-2.48912905981706,False
81,10,6,2,0,1,1,0,4,2,0,31,25,1.2372417675367942,True
82,2,10,0,2,0,1,0,3,0,2,9,31,-12.317517664627793,False
83,9,3,1,0,1,0,1,2,1,1,33,16,8.025182270125761,True
84,8,6,1,0,1,2,2,4,1,1,29,34,-2.335121289901373,True
85,5,10,0,1,0,2,0,3,0,2,15,35,-10.974013542469663,False
86,11,5,3,0,0,2,2,3,0,1,41,30,1.1816654965414841,True
87,2,6,0,0,0,0,0,4,2,0,12,35,-14.257424981774903,False
88,10,1,2,0,1,0,3,0,1,0,37,25,7.190339633003589,True
89,3,9,0,2,0,1,4,0,0,1,26,34,-0.49503227849270814,False
90,2,11,0,3,0,1,1,4,2,0,29,40,-1.8567567104306733,False
91,10,5,1,0,2,0,2,3,1,0,49,37,1.4629834831127226,True
92,9,4,1,0,3,0,5,0,2,0,41,31,5.097908386808967,True
93,11,3,3,0,2,0,4,1,1,1,35,32,0.11723673412195978,True
94,10,2,1,0,0,1,4,0,1,1,37,30,3.845410512012741,True
95,10,5,1,0,2,0,2,2,0,2,44,33,6.568468237736283,True
96,10,0,2,0,1,0,3,0,2,0,41,17,11.65506258730101,True
97,4,8,0,1,0,1,1,3,0,2,19,35,-8.867400959453327,False
98,0,10,0,2,0,1,0,3,0,2,7,27,-15.404397225916576,False
99,8,2,1,0,1,0,2,1,1,0,28,24,1.4809693842457818,True
100,9,2,2,0,0,0,3,0,2,0,35,23,4.175467666051972,True
101,10,3,2,0,1,0,4,0,1,1,34,16,7.830413196500878,True
102,10,3,2,0,2,0,0,3,2,0,42,29,2.3997932979020433,True
103,8,2,1,0,1,0,3,1,1,1,50,21,11.486969233869573,True
104,8,3,1,0,1,0,3,0,0,2,30,19,7.373163258683611,True
105,2,11,0,4,0,2,1,4,0,2,35,36,-4.195134181219608,False
106,7,2,1,0,0,0,1,2,2,0,30,20,6.801099552176893,True
107,11,3,3,0,2,0,2,1,0,2,42,21,6.24758313254106,True
108,2,10,0,2,0,1,1,3,0,2,19,31,-7.153440409893079,False
109,11,1,3,0,1,0,2,1,2,0,44,20,9.607753385603232,True
110,8,3,1,0,1,0,3,0,1,1,41,24,6.35216086773822,True
111,5,7,0,1,1,0,2,2,1,1,22,25,0.5003977707646428,False
112,2,8,0,1,0,1,3,0,0,2,36,33,-1.4341229910936732,False
113,9,1,2,0,0,1,2,1,2,0,37,15,10.480494736199852,True
114,0,10,0,2,0,1,1,3,0,2,20,28,-7.694905709674892,False
115,8,4,1,0,2,0,3,2,2,0,32,17,6.27598835193897,True
116,2,4,1,1,0,0,0,0,0,0,64,67,-0.746748490309848,False
117,4,8,0,1,1,1,0,5,2,0,23,44,-6.398008683413352,False
118,10,6,2,1,1,1,3,2,2,0,38,37,2.4855737743161868,True
119,2,10,0,3,0,3,0,4,0,2,20,28,-4.286355429380876,False
120,11,5,3,1,1,0,2,2,1,1,40,18,11.370676587139357,True
121,3,10,0,2,0,1,1,2,2,0,22,34,-5.871477702244832,False
122,9,4,2,1,1,0,2,1,1,1,34,26,3.5418702643331343,True
123,3,10,0,1,0,1,1,2,0,2,25,38,-7.48793918254453,False
124,5,2,0,0,1,0,0,3,1,1,32,25,5.9880055129413705,True
125,9,3,1,0,1,0,2,1,1,0,46,39,6.34864405116528,True
126,0,8,0,1,0,1,1,2,0,2,10,32,-12.16144043474506,False
127,10,0,2,0,1,0,3,0,2,0,47,21,12.222507305745772,True
128,4,8,0,2,0,1,1,1,1,1,18,21,-3.83550946490859,False
129,9,1,1,0,1,0,2,1,2,0,38,21,4.641091558865931,True
130,7,4,1,0,1,0,2,3,1,1,30,25,3.3415467199587283,True
131,3,7,0,1,0,0,0,4,0,1,16,24,-8.8676267509207,False
132,9,0,3,0,1,0,3,0,2,0,23,15,5.433976097420086,True
133,1,11,0,3,0,1,2,1,1,1,29,51,-6.704348284218035,False
134,11,4,3,0,2,0,1,2,0,2,43,28,4.3344493651814275,True
135,10,0,2,0,1,0,2,1,2,0,34,6,17.33199543442938,True
136,8,5,2,0,1,0,4,0,0,2,28,29,3.444026988940486,True
137,11,0,3,0,1,0,1,3,2,0,26,16,6.047312052891293,True
138,2,10,0,3,0,2,1,2,1,1,23,34,-4.238018387782255,False
139,10,3,1,0,1,0,3,0,1,1,42,18,11.87215624719542,True
140,4,3,0,0,0,0,3,0,1,1,21,7,10.698431439753442,True
141,7,10,1,1,1,1,1,3,0,1,35,32,2.482556934736479,False
142,10,3,1,0,1,0,2,2,1,1,43,28,5.1988611572567365,True
143,9,3,1,0,1,0,3,0,2,0,26,13,9.899136798259399,True
144,7,8,1,1,0,2,2,3,0,2,34,43,-2.48912905981706,False
145,10,6,2,0,1,1,0,4,2,0,31,25,1.2372417675367942,True
146,2,10,0,2,0,1,0,3,0,2,9,31,-12.317517664627793,False
147,9,3,1,0,1,0,1,2,1,1,33,16,8.025182270125761,True
148,8,6,1,0,1,2,2,4,1,1,29,34,-2.335121289901373,True
149,5,10,0,1,0,2,0,3,0,2,15,35,-10.974013542469663,False
150,11,5,3,0,0,2,2,3,0,1,41,30,1.1816654965414841,True
151,2,6,0,0,0,0,0,4,2,0,12,35,-14.257424981774903,False
152,10,1,2,0,1,0,3,0,1,0,37,25,7.190339633003589,True
153,3,9,0,2,0,1,4,0,0,1,26,34,-0.49503227849270814,False
154,2,11,0,3,0,1,1,4,2,0,29,40,-1.8567567104306733,False
155,10,5,1,0,2,0,2,3,1,0,49,37,1.4629834831127226,True
156,9,4,1,0,3,0,5,0,2,0,41,31,5.097908386808967,True
157,11,3,3,0,2,0,4,1,1,1,35,32,0.11723673412195978,True
158,10,2,1,0,0,1,4,0,1,1,37,30,3.845410512012741,True
159,10,5,1,0,2,0,2,2,0,2,44,33,6.568468237736283,True
160,10,0,2,0,1,0,3,0,2,0,41,17,11.65506258730101,True
161,4,8,0,1,0,1,1,3,0,2,19,35,-8.867400959453327,False
162,0,10,0,2,0,1,0,3,0,2,7,27,-15.404397225916576,False
163,8,2,1,0,1,0,2,1,1,0,28,24,1.4809693842457818,True
164,9,2,2,0,0,0,3,0,2,0,35,23,4.175467666051972,True
165,10,3,2,0,1,0,4,0,1,1,34,16,7.830413196500878,True
166,10,3,2,0,2,0,0,3,2,0,42,29,2.3997932979020433,True
167,8,2,1,0,1,0,3,1,1,1,50,21,11.486969233869573,True
168,8,3,1,0,1,0,3,0,0,2,30,19,7.373163258683611,True
169,2,11,0,4,0,2,1,4,0,2,35,36,-4.195134181219608,False
170,7,2,1,0,0,0,1,2,2,0,30,20,6.801099552176893,True
171,11,3,3,0,2,0,2,1,0,2,42,21,6.24758313254106,True
172,2,10,0,2,0,1,1,3,0,2,19,31,-7.153440409893079,False
173,11,1,3,0,1,0,2,1,2,0,44,20,9.607753385603232,True
174,8,3,1,0,1,0,3,0,1,1,41,24,6.35216086773822,True
175,5,7,0,1,1,0,2,2,1,1,22,25,0.5003977707646428,False
176,2,8,0,1,0,1,3,0,0,2,36,33,-1.4341229910936732,False
177,9,1,2,0,0,1,2,1,2,0,37,15,10.480494736199852,True
178,0,10,0,2,0,1,1,3,0,2,20,28,-7.694905709674892,False
179,8,4,1,0,2,0,3,2,2,0,32,17,6.27598835193897,True
180,2,4,1,1,0,0,0,0,0,0,64,67,-0.746748490309848,False
181,4,8,0,1,1,1,0,5,2,0,23,44,-6.398008683413352,False
182,10,6,2,1,1,1,3,2,2,0,38,37,2.4855737743161868,True
183,2,10,0,3,0,3,0,4,0,2,20,28,-4.286355429380876,False
184,11,5,3,1,1,0,2,2,1,1,40,18,11.370676587139357,True
185,3,10,0,2,0,1,1,2,2,0,22,34,-5.871477702244832,False
186,9,4,2,1,1,0,2,1,1,1,34,26,3.5418702643331343,True
187,3,10,0,1,0,1,1,2,0,2,25,38,-7.48793918254453,False
188,5,2,0,0,1,0,0,3,1,1,32,25,5.9880055129413705,True
189,9,3,1,0,1,0,2,1,1,0,46,39,6.34864405116528,True
190,0,8,0,1,0,1,1,2,0,2,10,32,-12.16144043474506,False
191,10,0,2,0,1,0,3,0,2,0,47,21,12.222507305745772,True
192,4,8,0,2,0,1,1,1,1,1,18,21,-3.83550946490859,False
193,9,1,1,0,1,0,2,1,2,0,38,21,4.641091558865931,True
194,7,4,1,0,1,0,2,3,1,1,30,25,3.3415467199587283,True
195,3,7,0,1,0,0,0,4,0,1,16,24,-8.8676267509207,False
196,9,0,3,0,1,0,3,0,2,0,23,15,5.433976097420086,True
197,1,11,0,3,0,1,2,1,1,1,29,51,-6.704348284218035,False
198,11,4,3,0,2,0,1,2,0,2,43,28,4.3344493651814275,True
199,10,0,2,0,1,0,2,1,2,0,34,6,17.33199543442938,True
200,8,5,2,0,1,0,4,0,0,2,28,29,3.444026988940486,True
201,11,0,3,0,1,0,1,3,2,0,26,16,6.047312052891293,True
202,2,10,0,3,0,2,1,2,1,1,23,34,-4.238018387782255,False
203,10,3,1,0,1,0,3,0,1,1,42,18,11.87215624719542,True
204,4,3,0,0,0,0,3,0,1,1,21,7,10.698431439753442,True
205,7,10,1,1,1,1,1,3,0,1,35,32,2.482556934736479,False
206,10,3,1,0,1,0,2,2,1,1,43,28,5.1988611572567365,True
207,9,3,1,0,1,0,3,0,2,0,26,13,9.899136798259399,True
208,7,8,1,1,0,2,2,3,0,2,34,43,-2.48912905981706,False
209,10,6,2,0,1,1,0,4,2,0,31,25,1.2372417675367942,True
210,2,10,0,2,0,1,0,3,0,2,9,31,-12.317517664627793,False
211,9,3,1,0,1,0,1,2,1,1,33,16,8.025182270125761,True
212,8,6,1,0,1,2,2,4,1,1,29,34,-2.335121289901373,True
213,5,10,0,1,0,2,0,3,0,2,15,35,-10.974013542469663,False
214,11,5,3,0,0,2,2,3,0,1,41,30,1.1816654965414841,True
215,2,6,0,0,0,0,0,4,2,0,12,35,-14.257424981774903,False
216,10,1,2,0,1,0,3,0,1,0,37,25,7.190339633003589,True
217,3,9,0,2,0,1,4,0,0,1,26,34,-0.49503227849270814,False
218,2,11,0,3,0,1,1,4,2,0,29,40,-1.8567567104306733,False
219,10,5,1,0,2,0,2,3,1,0,49,37,1.4629834831127226,True
220,9,4,1,0,3,0,5,0,2,0,41,31,5.097908386808967,True
221,11,3,3,0,2,0,4,1,1,1,35,32,0.11723673412195978,True
222,10,2,1,0,0,1,4,0,1,1,37,30,3.845410512012741,True
223,10,5,1,0,2,0,2,2,0,2,44,33,6.568468237736283,True
224,10,0,2,0,1,0,3,0,2,0,41,17,11.65506258730101,True
225,4,8,0,1,0,1,1,3,0,2,19,35,-8.867400959453327,False
226,0,10,0,2,0,1,0,3,0,2,7,27,-15.404397225916576,False
227,8,2,1,0,1,0,2,1,1,0,28,24,1.4809693842457818,True
228,9,2,2,0,0,0,3,0,2,0,35,23,4.175467666051972,True
229,10,3,2,0,1,0,4,0,1,1,34,16,7.830413196500878,True
230,10,3,2,0,2,0,0,3,2,0,42,29,2.3997932979020433,True
231,8,2,1,0,1,0,3,1,1,1,50,21,11.486969233869573,True
232,8,3,1,0,1,0,3,0,0,2,30,19,7.373163258683611,True
233,2,11,0,4,0,2,1,4,0,2,35,36,-4.195134181219608,False
234,7,2,1,0,0,0,1,2,2,0,30,20,6.801099552176893,True
235,11,3,3,0,2,0,2,1,0,2,42,21,6.24758313254106,True
236,2,10,0,2,0,1,1,3,0,2,19,31,-7.153440409893079,False
237,11,1,3,0,1,0,2,1,2,0,44,20,9.607753385603232,True
238,8,3,1,0,1,0,3,0,1,1,41,24,6.35216086773822,True
239,5,7,0,1,1,0,2,2,1,1,22,25,0.5003977707646428,False
240,2,8,0,1,0,1,3,0,0,2,36,33,-1.4341229910936732,False
241,9,1,2,0,0,1,2,1,2,0,37,15,10.480494736199852,True
242,0,10,0,2,0,1,1,3,0,2,20,28,-7.694905709674892,False
243,8,4,1,0,2,0,3,2,2,0,32,17,6.27598835193897,True
244,2,4,1,1,0,0,0,0,0,0,64,67,-0.746748490309848,False
245,4,8,0,1,1,1,0,5,2,0,23,44,-6.398008683413352,False
246,10,6,2,1,1,1,3,2,2,0,38,37,2.4855737743161868,True
247,2,10,0,3,0,3,0,4,0,2,20,28,-4.286355429380876,False
248,11,5,3,1,1,0,2,2,1,1,40,18,11.370676587139357,True
249,3,10,0,2,0,1,1,2,2,0,22,34,-5.871477702244832,False
250,9,4,2,1,1,0,2,1,1,1,34,26,3.5418702643331343,True
251,3,10,0,1,0,1,1,2,0,2,25,38,-7.48793918254453,False
252,5,2,0,0,1,0,0,3,1,1,32,25,5.9880055129413705,True
253,9,3,1,0,1,0,2,1,1,0,46,39,6.34864405116528,True
254,0,8,0,1,0,1,1,2,0,2,10,32,-12.16144043474506,False
255,10,0,2,0,1,0,3,0,2,0,47,21,12.222507305745772,True
256,4,8,0,2,0,1,1,1,1,1,18,21,-3.83550946490859,False
257,9,1,1,0,1,0,2,1,2,0,38,21,4.641091558865931,True
258,7,4,1,0,1,0,2,3,1,1,30,25,3.3415467199587283,True
259,3,7,0,1,0,0,0,4,0,1,16,24,-8.8676267509207,False
260,9,0,3,0,1,0,3,0,2,0,23,15,5.433976097420086,True
261,1,11,0,3,0,1,2,1,1,1,29,51,-6.704348284218035,False
262,11,4,3,0,2,0,1,2,0,2,43,28,4.3344493651814275,True
263,10,0,2,0,1,0,2,1,2,0,34,6,17.33199543442938,True
264,8,5,2,0,1,0,4,0,0,2,28,29,3.444026988940486,True
265,11,0,3,0,1,0,1,3,2,0,26,16,6.047312052891293,True
266,2,10,0,3,0,2,1,2,1,1,23,34,-4.238018387782255,False
267,10,3,1,0,1,0,3,0,1,1,42,18,11.87215624719542,True
268,4,3,0,0,0,0,3,0,1,1,21,7,10.698431439753442,True
269,7,10,1,1,1,1,1,3,0,1,35,32,2.482556934736479,False
270,10,3,1,0,1,0,2,2,1,1,43,28,5.1988611572567365,True
271,9,3,1,0,1,0,3,0,2,0,26,13,9.899136798259399,True
272,7,8,1,1,0,2,2,3,0,2,34,43,-2.48912905981706,False
273,10,6,2,0,1,1,0,4,2,0,31,25,1.2372417675367942,True
274,2,10,0,2,0,1,0,3,0,2,9,31,-12.317517664627793,False
275,9,3,1,0,1,0,1,2,1,1,33,16,8.025182270125761,True
276,8,6,1,0,1,2,2,4,1,1,29,34,-2.335121289901373,True
277,5,10,0,1,0,2,0,3,0,2,15,35,-10.974013542469663,False
278,11,5,3,0,0,2,2,3,0,1,41,30,1.1816654965414841,True
279,2,6,0,0,0,0,0,4,2,0,12,35,-14.257424981774903,False
280,10,1,2,0,1,0,3,0,1,0,37,25,7.190339633003589,True
281,3,9,0,2,0,1,4,0,0,1,26,34,-0.49503227849270814,False
282,2,11,0,3,0,1,1,4,2,0,29,40,-1.8567567104306733,False
283,10,5,1,0,2,0,2,3,1,0,49,37,1.4629834831127226,True
284,9,4,1,0,3,0,5,0,2,0,41,31,5.097908386808967,True
285,11,3,3,0,2,0,4,1,1,1,35,32,0.11723673412195978,True
286,10,2,1,0,0,1,4,0,1,1,37,30,3.845410512012741,True
287,10,5,1,0,2,0,2,2,0,2,44,33,6.568468237736283,True
288,10,0,2,0,1,0,3,0,2,0,41,17,11.65506258730101,True
289,4,8,0,1,0,1,1,3,0,2,19,35,-8.867400959453327,False
290,0,10,0,2,0,1,0,3,0,2,7,27,-15.404397225916576,False
291,8,2,1,0,1,0,2,1,1,0,28,24,1.4809693842457818,True
292,9,2,2,0,0,0,3,0,2,0,35,23,4.175467666051972,True
293,10,3,2,0,1,0,4,0,1,1,34,16,7.830413196500878,True
294,10,3,2,0,2,0,0,3,2,0,42,29,2.3997932979020433,True
295,8,2,1,0,1,0,3,1,1,1,50,21,11.486969233869573,True
296,8,3,1,0,1,0,3,0,0,2,30,19,7.373163258683611,True
297,2,11,0,4,0,2,1,4,0,2,35,36,-4.195134181219608,False
298,7,2,1,0,0,0,1,2,2,0,30,20,6.801099552176893,True
299,11,3,3,0,2,0,2,1,0,2,42,21,6.24758313254106,True
300,2,10,0,2,0,1,1,3,0,2,19,31,-7.153440409893079,False
301,11,1,3,0,1,0,2,1,2,0,44,20,9.607753385603232,True
302,8,3,1,0,1,0,3,0,1,1,41,24,6.35216086773822,True
303,5,7,0,1,1,0,2,2,1,1,22,25,0.5003977707646428,False
304,2,8,0,1,0,1,3,0,0,2,36,33,-1.4341229910936732,False
305,9,1,2,0,0,1,2,1,2,0,37,15,10.480494736199852,True
306,0,10,0,2,0,1,1,3,0,2,20,28,-7.694905709674892,False
307,8,4,1,0,2,0,3,2,2,0,32,17,6.27598835193897,True
308,2,4,1,1,0,0,0,0,0,0,64,67,-0.746748490309848,False
309,4,8,0,1,1,1,0,5,2,0,23,44,-6.398008683413352,False
310,10,6,2,1,1,1,3,2,2,0,38,37,2.4855737743161868,True
311,2,10,0,3,0,3,0,4,0,2,20,28,-4.286355429380876,False
312,11,5,3,1,1,0,2,2,1,1,40,18,11.370676587139357,True
313,3,10,0,2,0,1,1,2,2,0,22,34,-5.871477702244832,False
314,9,4,2,1,1,0,2,1,1,1,34,26,3.5418702643331343,True
315,3,10,0,1,0,1,1,2,0,2,25,38,-7.48793918254453,False
316,5,2,0,0,1,0,0,3,1,1,32,25,5.9880055129413705,True
317,9,3,1,0,1,0,2,1,1,0,46,39,6.34864405116528,True
318,0,8,0,1,0,1,1,2,0,2,10,32,-12.16144043474506,False
319,10,0,2,0,1,0,3,0,2,0,47,21,12.222507305745772,True
320,4,8,0,2,0,1,1,1,1,1,18,21,-3.83550946490859,False
321,9,1,1,0,1,0,2,1,2,0,38,21,4.641091558865931,True
322,7,4,1,0,1,0,2,3,1,1,30,25,3.3415467199587283,True
323,3,7,0,1,0,0,0,4,0,1,16,24,-8.8676267509207,False
324,9,0,3,0,1,0,3,0,2,0,23,15,5.433976097420086,True
325,1,11,0,3,0,1,2,1,1,1,29,51,-6.704348284218035,False
326,11,4,3,0,2,0,1,2,0,2,43,28,4.3344493651814275,True
327,10,0,2,0,1,0,2,1,2,0,34,6,17.33199543442938,True
328,8,5,2,0,1,0,4,0,0,2,28,29,3.444026988940486,True
329,11,0,3,0,1,0,1,3,2,0,26,16,6.047312052891293,True
330,2,10,0,3,0,2,1,2,1,1,23,34,-4.238018387782255,False
331,10,3,1,0,1,0,3,0,1,1,42,18,11.87215624719542,True
332,4,3,0,0,0,0,3,0,1,1,21,7,10.698431439753442,True
333,7,10,1,1,1,1,1,3,0,1,35,32,2.482556934736479,False
334,10,3,1,0,1,0,2,2,1,1,43,28,5.1988611572567365,True
335,9,3,1,0,1,0,3,0,2,0,26,13,9.899136798259399,True
336,7,8,1,1,0,2,2,3,0,2,34,43,-2.48912905981706,False
337,10,6,2,0,1,1,0,4,2,0,31,25,1.2372417675367942,True
338,2,10,0,2,0,1,0,3,0,2,9,31,-12.317517664627793,False
339,9,3,1,0,1,0,1,2,1,1,33,16,8.025182270125761,True
340,8,6,1,0,1,2,2,4,1,1,29,34,-2.335121289901373,True
341,5,10,0,1,0,2,0,3,0,2,15,35,-10.974013542469663,False
342,11,5,3,0,0,2,2,3,0,1,41,30,1.1816654965414841,True
343,2,6,0,0,0,0,0,4,2,0,12,35,-14.257424981774903,False
344,10,1,2,0,1,0,3,0,1,0,37,25,7.190339633003589,True
345,3,9,0,2,0,1,4,0,0,1,26,34,-0.49503227849270814,False
346,2,11,0,3,0,1,1,4,2,0,29,40,-1.8567567104306733,False
347,10,5,1,0,2,0,2,3,1,0,49,37,1.4629834831127226,True
348,9,4,1,0,3,0,5,0,2,0,41,31,5.097908386808967,True
349,11,3,3,0,2,0,4,1,1,1,35,32,0.11723673412195978,True
350,10,2,1,0,0,1,4,0,1,1,37,30,3.845410512012741,True
351,10,5,1,0,2,0,2,2,0,2,44,33,6.568468237736283,True
352,10,0,2,0,1,0,3,0,2,0,41,17,11.65506258730101,True
353,4,8,0,1,0,1,1,3,0,2,19,35,-8.867400959453327,False
354,0,10,0,2,0,1,0,3,0,2,7,27,-15.404397225916576,False
355,8,2,1,0,1,0,2,1,1,0,28,24,1.4809693842457818,True
356,9,2,2,0,0,0,3,0,2,0,35,23,4.175467666051972,True
357,10,3,2,0,1,0,4,0,1,1,34,16,7.830413196500878,True
358,10,3,2,0,2,0,0,3,2,0,42,29,2.3997932979020433,True
359,8,2,1,0,1,0,3,1,1,1,50,21,11.486969233869573,True
360,8,3,1,0,1,0,3,0,0,2,30,19,7.373163258683611,True
361,2,11,0,4,0,2,1,4,0,2,35,36,-4.195134181219608,False
362,7,2,1,0,0,0,1,2,2,0,30,20,6.801099552176893,True
363,11,3,3,0,2,0,2,1,0,2,42,21,6.24758313254106,True
364,2,10,0,2,0,1,1,3,0,2,19,31,-7.153440409893079,False
365,11,1,3,0,1,0,2,1,2,0,44,20,9.607753385603232,True
366,8,3,1,0,1,0,3,0,1,1,41,24,6.35216086773822,True
367,5,7,0,1,1,0,2,2,1,1,22,25,0.5003977707646428,False
368,2,8,0,1,0,1,3,0,0,2,36,33,-1.4341229910936732,False
369,9,1,2,0,0,1,2,1,2,0,37,15,10.480494736199852,True
370,0,10,0,2,0,1,1,3,0,2,20,28,-7.694905709674892,False
371,8,4,1,0,2,0,3,2,2,0,32,17,6.27598835193897,True
372,2,4,1,1,0,0,0,0,0,0,64,67,-0.746748490309848,False
373,4,8,0,1,1,1,0,5,2,0,23,44,-6.398008683413352,False
374,10,6,2,1,1,1,3,2,2,0,38,37,2.4855737743161868,True
375,2,10,0,3,0,3,0,4,0,2,20,28,-4.286355429380876,False
376,11,5,3,1,1,0,2,2,1,1,40,18,11.370676587139357,True
377,3,10,0,2,0,1,1,2,2,0,22,34,-5.871477702244832,False
378,9,4,2,1,1,0,2,1,1,1,34,26,3.5418702643331343,True
379,3,10,0,1,0,1,1,2,0,2,25,38,-7.48793918254453,False
380,5,2,0,0,1,0,0,3,1,1,32,25,5.9880055129413705,True
381,9,3,1,0,1,0,2,1,1,0,46,39,6.34864405116528,True
382,0,8,0,1,0,1,1,2,0,2,10,32,-12.16144043474506,False
383,10,0,2,0,1,0,3,0,2,0,47,21,12.222507305745772,True
384,4,8,0,2,0,1,1,1,1,1,18,21,-3.83550946490859,False
385,9,1,1,0,1,0,2,1,2,0,38,21,4.641091558865931,True
386,7,4,1,0,1,0,2,3,1,1,30,25,3.3415467199587283,True
387,3,7,0,1,0,0,0,4,0,1,16,24,-8.8676267509207,False
388,9,0,3,0,1,0,3,0,2,0,23,15,5.433976097420086,True
389,1,11,0,3,0,1,2,1,1,1,29,51,-6.704348284218035,False
390,11,4,3,0,2,0,1,2,0,2,43,28,4.3344493651814275,True
391,10,0,2,0,1,0,2,1,2,0,34,6,17.33199543442938,True
392,8,5,2,0,1,0,4,0,0,2,28,29,3.444026988940486,True
393,11,0,3,0,1,0,1,3,2,0,26,16,6.047312052891293,True
394,2,10,0,3,0,2,1,2,1,1,23,34,-4.238018387782255,False
395,10,3,1,0,1,0,3,0,1,1,42,18,11.87215624719542,True
396,4,3,0,0,0,0,3,0,1,1,21,7,10.698431439753442,True
397,7,10,1,1,1,1,1,3,0,1,35,32,2.482556934736479,False
398,10,3,1,0,1,0,2,2,1,1,43,28,5.1988611572567365,True
399,9,3,1,0,1,0,3,0,2,0,26,13,9.899136798259399,True
400,7,8,1,1,0,2,2,3,0,2,34,43,-2.48912905981706,False
401,10,6,2,0,1,1,0,4,2,0,31,25,1.2372417675367942,True
402,2,10,0,2,0,1,0,3,0,2,9,31,-12.317517664627793,False
403,9,3,1,0,1,0,1,2,1,1,33,16,8.025182270125761,True
404,8,6,1,0,1,2,2,4,1,1,29,34,-2.335121289901373,True
405,5,10,0,1,0,2,0,3,0,2,15,35,-10.974013542469663,False
406,11,5,3,0,0,2,2,3,0,1,41,30,1.1816654965414841,True
407,2,6,0,0,0,0,0,4,2,0,12,35,-14.257424981774903,False
408,10,1,2,0,1,0,3,0,1,0,37,25,7.190339633003589,True
409,3,9,0,2,0,1,4,0,0,1,26,34,-0.49503227849270814,False
410,2,11,0,3,0,1,1,4,2,0,29,40,-1.8567567104306733,False
411,10,5,1,0,2,0,2,3,1,0,49,37,1.4629834831127226,True
412,9,4,1,0,3,0,5,0,2,0,41,31,5.097908386808967,True
413,11,3,3,0,2,0,4,1,1,1,35,32,0.11723673412195978,True
414,10,2,1,0,0,1,4,0,1,1,37,30,3.845410512012741,True
415,10,5,1,0,2,0,2,2,0,2,44,33,6.568468237736283,True
416,10,0,2,0,1,0,3,0,2,0,41,17,11.65506258730101,True
417,4,8,0,1,0,1,1,3,0,2,19,35,-8.867400959453327,False
418,0,10,0,2,0,1,0,3,0,2,7,27,-15.404397225916576,False
419,8,2,1,0,1,0,2,1,1,0,28,24,1.4809693842457818,True
420,9,2,2,0,0,0,3,0,2,0,35,23,4.175467666051972,True
421,10,3,2,0,1,0,4,0,1,1,34,16,7.830413196500878,True
422,10,3,2,0,2,0,0,3,2,0,42,29,2.3997932979020433,True
423,8,2,1,0,1,0,3,1,1,1,50,21,11.486969233869573,True
424,8,3,1,0,1,0,3,0,0,2,30,19,7.373163258683611,True
425,2,11,0,4,0,2,1,4,0,2,35,36,-4.195134181219608,False
426,7,2,1,0,0,0,1,2,2,0,30,20,6.801099552176893,True
427,11,3,3,0,2,0,2,1,0,2,42,21,6.24758313254106,True
428,2,10,0,2,0,1,1,3,0,2,19,31,-7.153440409893079,False
429,11,1,3,0,1,0,2,1,2,0,44,20,9.607753385603232,True
430,8,3,1,0,1,0,3,0,1,1,41,24,6.35216086773822,True
431,5,7,0,1,1,0,2,2,1,1,22,25,0.5003977707646428,False
432,2,8,0,1,0,1,3,0,0,2,36,33,-1.4341229910936732,False
433,9,1,2,0,0,1,2,1,2,0,37,15,10.480494736199852,True
434,0,10,0,2,0,1,1,3,0,2,20,28,-7.694905709674892,False
435,8,4,1,0,2,0,3,2,2,0,32,17,6.27598835193897,True
436,2,4,1,1,0,0,0,0,0,0,64,67,-0.746748490309848,False
437,4,8,0,1,1,1,0,5,2,0,23,44,-6.398008683413352,False
438,10,6,2,1,1,1,3,2,2,0,38,37,2.4855737743161868,True
439,2,10,0,3,0,3,0,4,0,2,20,28,-4.286355429380876,False
440,11,5,3,1,1,0,2,2,1,1,40,18,11.370676587139357,True
441,3,10,0,2,0,1,1,2,2,0,22,34,-5.871477702244832,False
442,9,4,2,1,1,0,2,1,1,1,34,26,3.5418702643331343,True
443,3,10,0,1,0,1,1,2,0,2,25,38,-7.48793918254453,False
444,5,2,0,0,1,0,0,3,1,1,32,25,5.9880055129413705,True
445,9,3,1,0,1,0,2,1,1,0,46,39,6.34864405116528,True
446,0,8,0,1,0,1,1,2,0,2,10,32,-12.16144043474506,False
447,10,0,2,0,1,0,3,0,2,0,47,21,12.222507305745772,True
